﻿{
  "_import": "/Layouts/List/Breakpoints.Medium.json",
  "breakpoints": [
    {
      "maxwidth": "321",
      "properties": {
        "itemsHeight": "30",
        "titleMaxLines": "3"
      }
    },
    {
      "maxwidth": "500",
      "properties": {
        "itemsHeight": "40",
        "titleMaxLines": "2"
      }
    },
    {
      "maxwidth": "900",
      "properties": {
        "itemsHeight": "50",
        "titleMaxLines": "2"
      }
    },
    {
      "maxwidth": "1140",
      "properties": {
        "itemsHeight": "70",
        "titleMaxLines": "2"
      }
    },
    {
      "maxwidth": "1820",
      "properties": {
        "itemsHeight": "100",
        "titleMaxLines": "3"
      }
    },
    {
      "maxwidth": "*",
      "properties": {
        "itemsHeight": "120",
        "titleMaxLines": "4"
      }
    }
  ]
}