﻿{
  "_import": "/Layouts/List/Breakpoints.Large.json",
  "breakpoints": [
    {
      "maxwidth": "321",
      "properties": {
        "itemsHeight": "180",
        "imageWidth": "140",
        "imageHeight": "140",
        "titleMaxLines": "3",
        "leftMarginTitle": "6,0,0,0",
        "leftMarginSubTitle": "6,6,0,0"
      }
    },
    {
      "maxwidth": "500",
      "properties": {
        "itemsHeight": "200",
        "imageWidth": "170",
        "imageHeight": "170",
        "titleMaxLines": "4",
        "leftMarginTitle": "10,0,0,0",
        "leftMarginSubTitle": "10,10,0,0"
      }
    },
    {
      "maxwidth": "900",
      "properties": {
        "itemsHeight": "250",
        "imageWidth": "220",
        "imageHeight": "220",
        "titleMaxLines": "5",
        "leftMarginTitle": "12,0,0,0",
        "leftMarginSubTitle": "12,12,0,0"
      }
    },
    {
      "maxwidth": "1140",
      "properties": {
        "itemsHeight": "250",
        "imageWidth": "180",
        "imageHeight": "180",
        "titleMaxLines": "5",
        "leftMarginTitle": "16,0,0,0",
        "leftMarginSubTitle": "16,16,0,0"
      }
    },
    {
      "maxwidth": "1650",
      "properties": {
        "itemsHeight": "300",
        "imageWidth": "220",
        "imageHeight": "220",
        "titleMaxLines": "5",
        "leftMarginTitle": "16,0,0,0",
        "leftMarginSubTitle": "16,16,0,0"
      }
    },
    {
      "maxwidth": "*",
      "properties": {
        "itemsHeight": "350",
        "imageWidth": "260",
        "imageHeight": "260",
        "titleMaxLines": "6",
        "leftMarginTitle": "16,0,0,0",
        "leftMarginSubTitle": "16,16,0,0"
      }
    }
  ]
}