﻿{
  "_import": "/Layouts/List/Breakpoints.Medium.json",
  //This Menu overrides itemsDesiredWidth property from Breakpoints.Medium.json
  "breakpoints": [
    {
      "maxwidth": "321",
      "properties": {
        "itemsDesiredWidth": "75",
        "itemsHeight": "110",
        "imageHeight": "60",
        "menuMargin": "0,6,0,0",
        "titleMaxLines": "3"
      }
    },
    {
      "maxwidth": "500",
      "properties": {
        "itemsDesiredWidth": "75",
        "itemsHeight": "120",
        "imageHeight": "75",
        "menuMargin": "0,6,0,0",
        "titleMaxLines": "2"
      }
    },
    {
      "maxwidth": "900",
      "properties": {
        "itemsDesiredWidth": "110",
        "itemsHeight": "210",
        "imageHeight": "110",
        "menuMargin": "0,8,0,0",
        "titleMaxLines": "2"
      }
    },
    {
      "maxwidth": "1140",
      "properties": {
        "itemsDesiredWidth": "140",
        "itemsHeight": "250",
        "imageHeight": "140",
        "menuMargin": "0,10,0,0",
        "titleMaxLines": "2"
      }
    },
    {
      "maxwidth": "1820",
      "properties": {
        "itemsDesiredWidth": "180",
        "itemsHeight": "300",
        "imageHeight": "180",
        "menuMargin": "0,12,0,0",
        "titleMaxLines": "3"
      }
    },
    {
      "maxwidth": "*",
      "properties": {
        "itemsDesiredWidth": "220",
        "itemsHeight": "350",
        "imageHeight": "220",
        "menuMargin": "0,14,0,0",
        "titleMaxLines": "4"
      }
    }
  ]
}