[
  {
    "Nome": "Arena",
    "Immagine": "/Assets/DataImages/arena.jpg",
    "Descrizione": "L'Arena\r\nè\r\nBella",
    "_id": "562650ce0762b80bf4a22e30"
  },
  {
    "Nome": "Ponte Pietra",
    "Immagine": "/Assets/DataImages/ponte.jpg",
    "Descrizione": "Ha un buco in mezzo",
    "_id": "562650e45a66e30f7c644321"
  },
  {
    "Nome": "Torre dei Lamberti",
    "Immagine": "/Assets/DataImages/lamberti.jpg",
    "Descrizione": "La principessa è\r\nrinchiusa",
    "_id": "562651005a66e30f7c644325"
  }
]