﻿{
  "_import": "/Layouts/List/Breakpoints.Large.json",
  "breakpoints": [
    {
      "maxwidth": "321",
      "properties": {
        "itemsHeight": "140",
        "imageWidth": "140",
        "titleMaxLines": "3",
        "leftMarginTitleBox": "6,6,6,0",
        "leftMarginSubTitleBox": "6,6,6,6"
      }
    },
    {
      "maxwidth": "500",
      "properties": {
        "itemsHeight": "200",
        "imageWidth": "170",
        "titleMaxLines": "4",
        "leftMarginTitleBox": "10,10,10,0",
        "leftMarginSubTitleBox": "10,10,10,10"
      }
    },
    {
      "maxwidth": "900",
      "properties": {
        "itemsHeight": "220",
        "imageWidth": "220",
        "titleMaxLines": "5",
        "leftMarginTitleBox": "12,12,12,0",
        "leftMarginSubTitleBox": "12,12,12,12"
      }
    },
    {
      "maxwidth": "1140",
      "properties": {
        "itemsHeight": "250",
        "imageWidth": "250",
        "titleMaxLines": "5",
        "leftMarginTitleBox": "16,16,16,0",
        "leftMarginSubTitleBox": "16,16,16,16"
      }
    },
    {
      "maxwidth": "1650",
      "properties": {
        "itemsHeight": "300",
        "imageWidth": "300",
        "titleMaxLines": "5",
        "leftMarginTitleBox": "16,16,16,0",
        "leftMarginSubTitleBox": "16,16,16,16"
      }
    },
    {
      "maxwidth": "*",
      "properties": {
        "itemsHeight": "350",
        "imageWidth": "350",
        "titleMaxLines": "6",
        "leftMarginTitleBox": "16,16,16,0",
        "leftMarginSubTitleBox": "16,16,16,16"
      }
    }
  ]
}